model_a,model_b,paired_seed_groups,mean_point_difference_a_minus_b,point_difference_ci95_low,point_difference_ci95_high,point_difference_ci95_half_width,mean_utility_difference_a_minus_b,utility_difference_ci95_low,utility_difference_ci95_high
t0_0.0h,t1_2.0h,2999,-1447.0156718906303,-2278.6361128905546,-615.3952308907061,831.6204409999242,-0.04668222740913638,-0.07569679517307146,-0.01766765964520129
t0_0.0h,t2_4.0h,3000,-1791.1333333333334,-2620.7449269218005,-961.5217397448664,829.611593588467,-0.043333333333333335,-0.07296775360187582,-0.013698913064790846
t0_0.0h,t3_6.0h,2999,-2412.048460597977,-3243.5951706013175,-1580.5017505946362,831.5467100033408,-0.05957541402689785,-0.08925405007174067,-0.02989677798205503
t0_0.0h,t4_8.0h,3000,-657.2555555555555,-1503.1948586712401,188.6837475601293,845.9393031156848,-0.01611111111111111,-0.04561773886091666,0.01339551663869444
t1_2.0h,t2_4.0h,3000,-300.4888888888889,-1122.7118792637489,521.7341014859712,822.22299037486,-0.01633333333333333,-0.04497332736818756,0.012306660701520897
t1_2.0h,t3_6.0h,2999,-1144.6593308880738,-1973.5235419241276,-315.7951198520201,828.8642110360537,-0.021007002334111367,-0.05013417285663005,0.008120168188407315
t1_2.0h,t4_8.0h,3000,67.96666666666665,-785.331792390503,921.2651257238364,853.2984590571697,0.007333333333333332,-0.02198017172484703,0.0366468383915137
t2_4.0h,t3_6.0h,3000,-308.15555555555557,-1131.6484605210455,515.3373494099344,823.49290496549,-0.019888888888888887,-0.0485392527442067,0.008761474966428932
t2_4.0h,t4_8.0h,3000,-46.033333333333296,-880.3229413789314,788.2562747122648,834.2896080455981,-0.009111111111111111,-0.03858215814344855,0.02035993592122633
t3_6.0h,t4_8.0h,3000,-268.7111111111111,-1115.6529026784551,578.230680456233,846.9417915673441,-0.002444444444444444,-0.03212728281174873,0.027238393922859844
