experiment,completed,game_mode,model_a,model_b,paired_seed_groups,mean_point_difference_a_minus_b,point_difference_ci95_low,point_difference_ci95_high,point_difference_ci95_half_width,mean_utility_difference_a_minus_b,utility_difference_ci95_low,utility_difference_ci95_high
initial_ppo_vs_bc,True,hand,ppo_rich,tile_transformer,4000,1302.1125,1127.010547440859,1477.214452559141,175.10195255914093,0.1066875,0.09077280410283747,0.12260219589716254
copilot_vs_bc,False,hand,MahjongTrioAI,MahjongCopilot-Mortal,1126,-435.34635879218473,-756.8349321937908,-113.85778539057873,321.488573401606,-0.07260213143872114,-0.10497689748133919,-0.040227365396103096
day01_03/full_u1000_h256_e256/pairwise_g5000_seed20261001/ppo_seed_20260909,True,hand,rich_bc,ppo_seed_20260909,10000,-334.2,-439.274477974447,-229.125522025553,105.07447797444698,-0.0053,-0.015002493154037701,0.004402493154037702
day01_03/full_u1000_h256_e256/pairwise_g5000_seed20261001/ppo_seed_20260910,True,hand,rich_bc,ppo_seed_20260910,10000,-370.625,-475.88324585110365,-265.36675414889635,105.25824585110365,-0.015925,-0.025683129677666283,-0.006166870322333722
day01_03/full_u1000_h256_e256/pairwise_g5000_seed20261001/ppo_seed_20260911,True,hand,rich_bc,ppo_seed_20260911,10000,-391.07,-492.73718023382776,-289.40281976617223,101.66718023382774,-0.016925,-0.026200563280871697,-0.007649436719128303
day01_03/rich_bc_vs_ppo_rich_seed20260909,True,hand,rich_bc,ppo_rich,10000,-360.535,-455.92659318832,-265.14340681168005,95.39159318831994,-0.024375,-0.033208599700190446,-0.015541400299809558
feature_ab,True,hand,legacy,rich,19664,-871.1554109031733,-944.6746517562407,-797.636170050106,73.51924085306739,-0.08398596419853539,-0.09089143123645879,-0.077080497160612
ppo_duration_existing,True,south,u0,best_seen,1000,-2111.6333333333337,-3429.807591008048,-793.4590756586194,1318.1742576747142,-0.03766666666666667,-0.08782423943288545,0.012490906099552106
ppo_duration_existing,True,south,u0,u300,1000,-2706.4666666666667,-4088.588808131425,-1324.3445252019085,1382.1221414647582,-0.06633333333333333,-0.11993806417322303,-0.012728602493443625
ppo_duration_existing,True,south,best_seen,u300,1000,-594.8333333333333,-1968.2621994002473,778.5955327335807,1373.428866066914,-0.028666666666666667,-0.08164284585809636,0.02430951252476303
ppo_vs_baseline,True,hand,baseline,ppo,20000,-315.5575,-391.52649566805337,-239.58850433194667,75.96899566805334,-0.01985,-0.02694735123904153,-0.01275264876095847
south_8h_checkpoint_league,True,south,t0_0.0h,t1_2.0h,2999,-1447.0156718906303,-2278.6361128905546,-615.3952308907061,831.6204409999242,-0.04668222740913638,-0.07569679517307146,-0.01766765964520129
south_8h_checkpoint_league,True,south,t0_0.0h,t2_4.0h,3000,-1791.1333333333334,-2620.7449269218005,-961.5217397448664,829.611593588467,-0.043333333333333335,-0.07296775360187582,-0.013698913064790846
south_8h_checkpoint_league,True,south,t0_0.0h,t3_6.0h,2999,-2412.048460597977,-3243.5951706013175,-1580.5017505946362,831.5467100033408,-0.05957541402689785,-0.08925405007174067,-0.02989677798205503
south_8h_checkpoint_league,True,south,t0_0.0h,t4_8.0h,3000,-657.2555555555555,-1503.1948586712401,188.6837475601293,845.9393031156848,-0.01611111111111111,-0.04561773886091666,0.01339551663869444
south_8h_checkpoint_league,True,south,t1_2.0h,t2_4.0h,3000,-300.4888888888889,-1122.7118792637489,521.7341014859712,822.22299037486,-0.01633333333333333,-0.04497332736818756,0.012306660701520897
south_8h_checkpoint_league,True,south,t1_2.0h,t3_6.0h,2999,-1144.6593308880738,-1973.5235419241276,-315.7951198520201,828.8642110360537,-0.021007002334111367,-0.05013417285663005,0.008120168188407315
south_8h_checkpoint_league,True,south,t1_2.0h,t4_8.0h,3000,67.96666666666665,-785.331792390503,921.2651257238364,853.2984590571697,0.007333333333333332,-0.02198017172484703,0.0366468383915137
south_8h_checkpoint_league,True,south,t2_4.0h,t3_6.0h,3000,-308.15555555555557,-1131.6484605210455,515.3373494099344,823.49290496549,-0.019888888888888887,-0.0485392527442067,0.008761474966428932
south_8h_checkpoint_league,True,south,t2_4.0h,t4_8.0h,3000,-46.033333333333296,-880.3229413789314,788.2562747122648,834.2896080455981,-0.009111111111111111,-0.03858215814344855,0.02035993592122633
south_8h_checkpoint_league,True,south,t3_6.0h,t4_8.0h,3000,-268.7111111111111,-1115.6529026784551,578.230680456233,846.9417915673441,-0.002444444444444444,-0.03212728281174873,0.027238393922859844
south_8h_vs_copilot/t0_0.0h,True,south,t0_0.0h,MahjongCopilot-Mortal,2000,86.825,-789.7360330248728,963.3860330248729,876.5610330248728,-0.02825,-0.06119574967766592,0.004695749677665912
south_8h_vs_copilot/t1_2.0h,True,south,t1_2.0h,MahjongCopilot-Mortal,2000,1589.275,709.4144628601299,2469.1355371398704,879.8605371398702,0.01875,-0.013915938743096695,0.05141593874309669
south_8h_vs_copilot/t2_4.0h,True,south,t2_4.0h,MahjongCopilot-Mortal,2000,1933.375,1050.3884462994154,2816.3615537005844,882.9865537005846,0.03525,0.002683957834710239,0.06781604216528975
south_8h_vs_copilot/t3_6.0h,True,south,t3_6.0h,MahjongCopilot-Mortal,2000,2364.1,1469.750673709931,3258.4493262900687,894.3493262900688,0.0385,0.005461323042353514,0.07153867695764649
south_8h_vs_copilot/t4_8.0h,True,south,t4_8.0h,MahjongCopilot-Mortal,2000,1967.125,1083.7936589529645,2850.4563410470355,883.3313410470355,0.038,0.0052669901768641544,0.07073300982313585
south_screen_20260909,False,south,match_bc,south_ppo,5000,-2366.39,-2854.4986725035415,-1878.2813274964583,488.1086725035415,-0.0697,-0.08861106282600952,-0.05078893717399048
