experiment,completed,game_mode,model_name,hands,seed_groups,wins,win_rate,win_rate_ci95_low,win_rate_ci95_high,ron_wins,tsumo_wins,deal_ins,deal_in_rate,draw_rate,invalid_actions,average_points,points_ci95_low,points_ci95_high,points_ci95_half_width,average_winning_points,mean_utility,utility_ci95_low,utility_ci95_high,utility_ci95_half_width,rank,played_hands,average_rank,firsts,first_rate,seconds,second_rate,thirds,third_rate,ron_rate,tsumo_rate,tsumo_share_of_wins
initial_ppo_vs_bc,True,hand,ppo_rich,18000,4000,5273,0.29294444444444445,0.28634057033626603,0.29963667696125273,3180,2093,2140,0.11888888888888889,0.1287222222222222,30,620.65,530.7922421016881,710.5077578983119,89.85775789831189,9125.886592072824,0.05039583333333333,0.04229821202945909,0.058493454637207565,0.008097621303874238,1,,,,,,,,,,,
initial_ppo_vs_bc,True,hand,tile_transformer,18000,4000,5224,0.2902222222222222,0.2836371593316913,0.29689680519619455,2880,2344,3920,0.21777777777777776,0.10827777777777778,51,-681.4625,-776.5835248110541,-586.3414751889459,95.12102481105408,8413.150842266463,-0.05629166666666666,-0.06499390863933782,-0.047589424693995505,0.008702241972671157,2,,,,,,,,,,,
copilot_vs_bc,False,hand,MahjongCopilot-Mortal,3378,1126,1071,0.31705150976909413,0.3015749016984385,0.3329437429363652,527,544,517,0.15304914150384843,0.15896980461811722,0,290.2309058614565,75.90519026038587,504.5566214625271,214.32571560107064,8078.711484593838,0.04840142095914742,0.026818243597402057,0.0699845983208928,0.021583177361745365,1,,,,,,,,,,,
copilot_vs_bc,False,hand,MahjongTrioAI,6756,1126,1759,0.2603611604499704,0.2500353447122323,0.27095933841382813,967,792,977,0.1446121965660154,0.15896980461811722,11,-145.11545293072825,-252.27831073126356,-37.95259513019293,107.16285780053532,8360.261512222854,-0.02420071047957371,-0.0349922991604464,-0.013409121798701028,0.010791588680872682,2,,,,,,,,,,,
day01_03/full_u1000_h256_e256/pairwise_g5000_seed20261001/ppo_seed_20260909,True,hand,ppo_seed_20260909,45000,10000,12119,0.2693111111111111,0.2652323329491588,0.273429271771905,6014,6105,5825,0.12944444444444445,0.18722222222222223,0,161.17333333333332,106.31916288455784,216.0275037821088,54.854170448775484,9265.277663173529,0.0015249999999999997,-0.003521119518884403,0.006571119518884402,0.005046119518884402,1,,,,,,,,,,,
day01_03/full_u1000_h256_e256/pairwise_g5000_seed20261001/ppo_seed_20260909,True,hand,rich_bc,45000,10000,12287,0.2730444444444444,0.2689475957750766,0.2771800382694494,6061,6226,6250,0.1388888888888889,0.1857111111111111,0,-173.02666666666667,-228.94686900632473,-117.10646432700861,55.920202339658054,8506.445837063564,-0.003775,-0.008955289684101244,0.0014052896841012436,0.005180289684101244,2,,,,,,,,,,,
day01_03/full_u1000_h256_e256/pairwise_g5000_seed20261001/ppo_seed_20260910,True,hand,ppo_seed_20260910,45000,10000,12199,0.2710888888888889,0.2670014600288211,0.27521539675103424,5895,6304,5525,0.12277777777777778,0.18602222222222223,0,183.83833333333334,128.0984138307437,239.57825283592297,55.73991950258964,9061.275514386425,0.007341666666666666,0.0021785322148024774,0.012504801118530855,0.005163134451864188,1,,,,,,,,,,,
day01_03/full_u1000_h256_e256/pairwise_g5000_seed20261001/ppo_seed_20260910,True,hand,rich_bc,45000,10000,12282,0.2729333333333333,0.2688370171980057,0.27706841359284584,5945,6337,6315,0.14033333333333334,0.1819111111111111,0,-186.78666666666666,-242.0239480260116,-131.54938530732173,55.23728135934494,8397.89936492428,-0.008583333333333333,-0.013706590847082593,-0.0034600758195840733,0.00512325751374926,2,,,,,,,,,,,
day01_03/full_u1000_h256_e256/pairwise_g5000_seed20261001/ppo_seed_20260911,True,hand,ppo_seed_20260911,45000,10000,12173,0.2705111111111111,0.26642648458820234,0.27463491527254574,5851,6322,5511,0.12246666666666667,0.18644444444444444,0,187.775,134.59060465933717,240.95939534066284,53.18439534066284,9164.462334675101,0.007391666666666665,0.0025511026688075688,0.012232230664525761,0.0048405639978590966,1,,,,,,,,,,,
day01_03/full_u1000_h256_e256/pairwise_g5000_seed20261001/ppo_seed_20260911,True,hand,rich_bc,45000,10000,12286,0.2730222222222222,0.26892548003386535,0.27715771335992584,6039,6247,6379,0.14175555555555555,0.18295555555555557,0,-203.295,-257.30407315338687,-149.2859268466131,54.00907315338687,8456.194041999022,-0.009533333333333333,-0.014470133114611882,-0.004596533552054784,0.004936799781278549,2,,,,,,,,,,,
day01_03/rich_bc_vs_ppo_rich_seed20260909,True,hand,ppo_rich,45000,10000,12437,0.2763777777777778,0.2722651024624162,0.280528629192344,6089,6348,5703,0.12673333333333334,0.18473333333333333,0,179.7733333333333,129.35821554014976,230.18845112651687,50.41511779318356,8888.7915092064,0.011825,0.007168974728513741,0.01648102527148626,0.004656025271486259,1,,,,,,,,,,,
day01_03/rich_bc_vs_ppo_rich_seed20260909,True,hand,rich_bc,45000,10000,12044,0.26764444444444446,0.2635738522424763,0.27175470367347054,5908,6136,6294,0.13986666666666667,0.1832,0,-180.76166666666668,-230.92538843953244,-130.59794489380093,50.16372177286576,8477.690136167386,-0.01255,-0.01720675730515266,-0.007893242694847341,0.004656757305152659,2,,,,,,,,,,,
feature_ab,True,hand,rich,88992,19664,26678,0.299779755483639,0.2967782799870529,0.3027985157839142,16677,10001,12534,0.14084412081984898,0.10360481841064366,99,428.38689991863305,390.86016368835374,465.91363614891236,37.52673623027933,8528.870230152186,0.04115812313534038,0.0376124913059898,0.044703754964690964,0.003545631829350581,1,,,,,,,,,,,
feature_ab,True,hand,legacy,87984,19664,26262,0.2984860883797054,0.29547132489307965,0.3015184476473038,15428,10834,19571,0.22243817057646845,0.09089152573195126,214,-442.7685109845403,-482.80327503252414,-402.73374693655643,40.034764047983835,8426.612596146524,-0.04282784106319501,-0.046569058857477696,-0.039086623268912324,0.0037412177942826863,2,,,,,,,,,,,
ppo_duration_existing,True,south,u300,3000,1000,7161,0.27586871099468374,0.27046501278948115,0.2813387366303584,3184,3977,3355,0.12924724555050465,0.20267354958009093,0,1100.4333333333332,293.82496391442476,1907.0417027522417,806.6083694189084,9464.851277754504,0.03166666666666666,0.0003189689761212214,0.06301436435721211,0.03134769769054544,1,25958,1.9683333333333333,1092,0.364,911,0.30366666666666664,997,0.3323333333333333,0.1226596810231913,0.1532090299714924,0.5553693618209747
ppo_duration_existing,True,south,best_seen,3000,1000,6870,0.26465829416750136,0.2593267932390195,0.2700594400380172,3325,3545,2960,0.11403035673010248,0.20267354958009093,0,505.6,-264.50236213961546,1275.7023621396156,770.1023621396155,9489.01018922853,0.003,-0.026384516267784024,0.032384516267784026,0.029384516267784024,2,25958,1.997,998,0.33266666666666667,1013,0.33766666666666667,989,0.32966666666666666,0.1280915324755374,0.13656676169196394,0.5160116448326055
ppo_duration_existing,True,south,u0,3000,1000,6666,0.256799445257724,0.25152120047191756,0.26214966066377293,3105,3561,3299,0.12708991447723245,0.20267354958009093,0,-1606.0333333333333,-2381.3026861607505,-830.7639805059164,775.2693528274169,9301.935193519352,-0.034666666666666665,-0.06442872862239338,-0.004904604710939953,0.029762061955726712,3,25958,2.034666666666667,910,0.30333333333333334,1076,0.3586666666666667,1014,0.338,0.11961630325911086,0.13718314199861315,0.5342034203420342
ppo_vs_baseline,True,hand,ppo,90000,20000,28715,0.31905555555555554,0.3160181335698685,0.32210842334046397,18979,9736,18305,0.2033888888888889,0.05241111111111111,160,154.51833333333332,114.49224566341451,194.54442100325213,40.0260876699188,8933.160369145045,0.009895833333333333,0.006153862116076187,0.01363780455059048,0.0037419712172571456,1,,,,,,,,,,,
ppo_vs_baseline,True,hand,baseline,90000,20000,27802,0.30891111111111114,0.3059006857137943,0.3119378482588124,18320,9482,18994,0.21104444444444445,0.05288888888888889,164,-161.0391666666667,-201.10463942989884,-120.97369390343454,40.06547276323215,8472.135098194374,-0.009954166666666667,-0.013694022207781336,-0.006214311125551998,0.0037398555411146694,2,,,,,,,,,,,
south_8h_checkpoint_league,True,south,t3_6.0h,17997,5999,42295,0.2785241086833406,0.27627509240384107,0.2807843300544982,20464,21831,20856,0.1373424473507448,0.16766104284378416,0,599.2609879424348,257.8893857551779,940.6325901296916,341.3716021872569,10208.840288450172,0.01633605600933489,0.00434382947840091,0.028328282540268868,0.011992226530933979,1,151854,1.9836639439906651,6229,0.34611324109573816,5833,0.32410957381785854,5935,0.3297771850864033,0.134761020453857,0.14376308822948358,0.5161603026362455
south_8h_checkpoint_league,True,south,t2_4.0h,18000,6000,42097,0.2766209103513533,0.27437911773522966,0.27887397991581314,20342,21755,19443,0.12776065657793578,0.17120177680818488,0,289.57222222222225,-47.77839397753206,626.9228384219766,337.3506161997543,9972.508729838231,0.0051111111111111105,-0.006743348310281832,0.016965570532504054,0.011854459421392943,2,152183,1.994888888888889,5932,0.32955555555555555,6228,0.346,5840,0.3244444444444444,0.13366801810977574,0.14295289224157756,0.5167826685987125
south_8h_checkpoint_league,True,south,t4_8.0h,18000,6000,42496,0.2798864541963868,0.27763387578237075,0.28215017031735146,20082,22414,21349,0.14060843163212214,0.16663702884089757,0,150.67222222222222,-195.9951400255864,497.33958447003084,346.6673622478086,10088.220067771084,0.0033888888888888888,-0.008689425950636358,0.015467203728414137,0.012078314839525248,3,151833,1.9966111111111111,6112,0.33955555555555555,5837,0.3242777777777778,6051,0.33616666666666667,0.13226373713224399,0.14762271706414284,0.5274378765060241
south_8h_checkpoint_league,True,south,t1_2.0h,17997,5999,41994,0.2761128279308304,0.2738716414577954,0.27836532391309654,20324,21670,19610,0.12893681372871327,0.17181274245512526,0,11.624159582152581,-327.98456354644003,351.2328827107452,339.6087231285926,9999.266561889794,0.002778240817914097,-0.009041617376495894,0.014598099012324088,0.01181985819440999,4,152090,1.997221759182086,6001,0.3334444629660499,6045,0.3358893148858143,5951,0.3306662221481358,0.1336314024590703,0.14248142547176015,0.5160260989665191
south_8h_checkpoint_league,True,south,t0_0.0h,17997,5999,41315,0.27250840973550555,0.2702729560125354,0.27475539142409744,19931,21384,19885,0.13115889453202295,0.17171030934634918,0,-1051.2029782741567,-1390.683347264865,-711.7226092834485,339.4803689907083,9816.667070071402,-0.027615713730066122,-0.039631771951079,-0.015599655509053238,0.012016058221012885,5,151610,2.027615713730066,5723,0.31799744401844754,6054,0.3363893982330388,6220,0.34561315774851364,0.13146230459732208,0.1410461051381835,0.5175844124410021
south_8h_vs_copilot/t0_0.0h,True,south,MahjongCopilot-Mortal,9000,2000,23321,0.30527666147421884,0.30202083694682125,0.30855206853073924,11751,11570,11525,0.15086460801382326,0.14051025617530402,0,-38.58888888888889,-428.15543822665137,350.97766044887356,389.56654933776247,8615.136572188156,0.012555555555555556,-0.0020921152563048787,0.02720322636741599,0.014647670811860435,1,76393,1.9874444444444443,3065,0.34055555555555556,2983,0.33144444444444443,2952,0.328,0.15382299425340018,0.15145366722081866,0.4961193773851893
south_8h_vs_copilot/t0_0.0h,True,south,t0_0.0h,9000,2000,20151,0.2653926694675289,0.26226396845463307,0.26854510815129173,10264,9887,10490,0.13815538200160676,0.14713745736148243,0,38.58888888888889,-351.0107399016053,428.1885176793831,389.5996287904942,9579.618877475063,-0.012555555555555556,-0.027195293175475276,0.0020841820643641654,0.014639737619919721,2,75929,2.0125555555555557,2935,0.32611111111111113,3017,0.3352222222222222,3048,0.33866666666666667,0.13517891714628139,0.1302137523212475,0.4906456255272691
south_8h_vs_copilot/t1_2.0h,True,south,t1_2.0h,9000,2000,20483,0.26915192767601376,0.26601253652996143,0.272314623034901,10543,9940,10370,0.1362644871356863,0.14625108407137788,0,706.3444444444444,315.22250525096206,1097.4663836379268,391.1219391934824,9760.572181809306,0.008333333333333333,-0.006187455608113309,0.022854122274779974,0.014520788941446643,1,76102,1.9916666666666667,3018,0.3353333333333333,3039,0.33766666666666667,2943,0.327,0.13853775196446874,0.13061417571154504,0.4852804764927013
south_8h_vs_copilot/t1_2.0h,True,south,MahjongCopilot-Mortal,9000,2000,23069,0.3017369921783033,0.29849336286542205,0.305000544082921,11525,11544,11698,0.15300703691108378,0.1408690192795668,0,-706.3444444444444,-1097.5931250723943,-315.0957638164946,391.24868062794985,8642.234167064025,-0.008333333333333333,-0.022849955398044356,0.00618328873137769,0.014516622064711023,2,76454,2.0083333333333333,2982,0.3313333333333333,2961,0.329,3057,0.3396666666666667,0.15074423836555315,0.15099275381275015,0.5004118080540986
south_8h_vs_copilot/t2_4.0h,True,south,t2_4.0h,9000,2000,20457,0.2695292428095232,0.2663842571978807,0.27269755676846075,10621,9836,10393,0.13693197538834503,0.1487503129158487,0,859.2777777777778,466.51591427266396,1252.0396412828918,392.76186350511387,9788.888888888889,0.015666666666666666,0.0011869778222119397,0.03014635551112139,0.014479688844454726,1,75899,1.9843333333333333,3080,0.3422222222222222,2981,0.3312222222222222,2939,0.32655555555555554,0.13993596753580417,0.12959327527371903,0.4808134135014909
south_8h_vs_copilot/t2_4.0h,True,south,MahjongCopilot-Mortal,9000,2000,22931,0.3007265383203064,0.29748178671397263,0.30399136709797425,11555,11376,11783,0.1545270943712952,0.14028484498767246,0,-859.2777777777778,-1251.7944418928514,-466.76111366270436,392.51666411507347,8635.955693166456,-0.015666666666666666,-0.03013819033925308,-0.0011951429940802519,0.014471523672586414,2,76252,2.0156666666666667,2920,0.3244444444444444,3019,0.33544444444444443,3061,0.3401111111111111,0.15153700886534124,0.1491895294549651,0.49609698661200996
south_8h_vs_copilot/t3_6.0h,True,south,t3_6.0h,9000,2000,20783,0.27549410782221395,0.2723175344736712,0.2786935443111986,10873,9910,11093,0.1470459576611567,0.1376608915812776,0,1050.7111111111112,652.9805234411567,1448.4416987810657,397.7305876699545,9918.587306933552,0.01711111111111111,0.0024211461317387214,0.0318010760904835,0.01468996497937239,1,75439,1.982888888888889,3118,0.34644444444444444,2918,0.32422222222222224,2964,0.3293333333333333,0.14412969419000782,0.13136441363220616,0.4768320261752394
south_8h_vs_copilot/t3_6.0h,True,south,MahjongCopilot-Mortal,9000,2000,22813,0.300986885505449,0.29773155799217826,0.3042623851151646,11717,11096,11497,0.15168746866506583,0.13272818428899386,0,-1050.7111111111112,-1448.5505123550065,-652.8717098672159,397.8394012438952,8630.42563450664,-0.01711111111111111,-0.0317931151201991,-0.002429107102023124,0.014682004009087988,2,75794,2.0171111111111113,2882,0.32022222222222224,3082,0.34244444444444444,3036,0.3373333333333333,0.15459007309285697,0.14639681241259203,0.4863893394117389
south_8h_vs_copilot/t4_8.0h,True,south,t4_8.0h,9000,2000,20909,0.27594625983212795,0.27277501039402524,0.27914022609395467,10741,10168,11180,0.14754790687853034,0.13395449506413978,0,874.2777777777778,481.10713159021327,1267.4484239653425,393.17064618756456,9851.045004543497,0.016888888888888887,0.0023331747961567624,0.03144460298162101,0.014555714092732125,1,75772,1.983111111111111,3126,0.3473333333333333,2900,0.32222222222222224,2974,0.33044444444444443,0.14175420999841631,0.13419204983371166,0.48629776651202833
south_8h_vs_copilot/t4_8.0h,True,south,MahjongCopilot-Mortal,9000,2000,23034,0.302835881726509,0.2995804922349507,0.3061111857495838,11906,11128,11467,0.15076057375001645,0.12955391067695665,0,-874.2777777777778,-1266.7058026788122,-481.84975287674354,392.4280249010343,8595.094208561257,-0.016888888888888887,-0.031433367447003494,-0.0023444103307742794,0.014544478558114608,2,76061,2.016888888888889,2874,0.31933333333333336,3100,0.34444444444444444,3026,0.3362222222222222,0.15653225700424658,0.14630362472226238,0.483111921507337
south_screen_20260909,False,south,south_ppo,15000,5000,35294,0.2715904981031604,0.26917903262219983,0.2740154669239366,16877,18417,15263,0.11745015505605873,0.20514339799773765,0,1577.5933333333335,1252.1875516643058,1902.9991150023611,325.4057816690277,9296.319487731625,0.04646666666666666,0.033859291449326985,0.05907404188400634,0.012607375217339678,1,129953,1.9535333333333333,5373,0.3582,4951,0.3300666666666667,4676,0.3117333333333333,0.12987002993389918,0.1417204681692612,0.5218167393891313
south_screen_20260909,False,south,match_bc,30000,5000,68000,0.261633051949551,0.25994683416681763,0.26332631584342825,32160,35840,33774,0.1299469808315314,0.20514339799773765,0,-788.7966666666667,-951.4995575011806,-626.0937758321529,162.70289083451385,9078.988235294117,-0.02323333333333333,-0.02953702094200317,-0.016929645724663493,0.006303687608669839,2,259906,2.023233333333333,9627,0.3209,10049,0.3349666666666667,10324,0.34413333333333335,0.12373704339261117,0.13789600855693981,0.5270588235294118
